fork	upstream
3	241216
4	241186
5	241153
8	243362
9	243391
10	243382
11	243417
12	243399
13	243425
14	243427
15	243432
16	243431
17	243438
18	243439
19	243440
20	243441
21	243442
22	243443
23	243444
24	243446
25	243448
26	243449
27	243451
28	243452
29	243453
30	243454
31	243455
32	243456
33	243457
34	243458
35	243459
36	243460
37	243461
38	243462
39	243463
40	243464
41	243465
42	243466
43	243467
44	243468
45	243469
46	243470
47	243471
48	243472
49	243473
50	243475
51	243476
52	243477
53	243478
54	243479
